Id,Label,League,Country,Played_In_European_Comp
1. FC Köln,1. FC Köln,Bundesliga,Germany,No
1.FC Heidenheim 1846,1.FC Heidenheim 1846,2. Bundesliga,Germany,No
1.FC Kaiserslautern,1.FC Kaiserslautern,2. Bundesliga/3. Liga,Germany,No
1.FC Magdeburg,1.FC Magdeburg,3. Liga,Germany,No
1.FC Nuremberg,1.FC Nuremberg,2. Bundesliga,Germany,No
1.FC Union Berlin,1.FC Union Berlin,Bundesliga/2. Bundesliga,Germany,No
1.FSV Mainz 05,1.FSV Mainz 05,Bundesliga,Germany,No
Aalborg BK,Aalborg BK,Superligaen,Denmark,No
Aarhus GF,Aarhus GF,Superligaen,Denmark,No
Aberdeen FC,Aberdeen FC,Premiership,Scotland,No
AC Ajaccio,AC Ajaccio,Ligue 2,France,No
AC Cesena,AC Cesena,Serie B,Italy,No
AC Le Havre,AC Le Havre,Ligue 2,France,No
AC Milan,AC Milan,Serie A,Italy,Yes
AC Monza,AC Monza,Serie B/Serie C,Italy,No
AC Perugia Calcio,AC Perugia Calcio,Serie B,Italy,No
AC Pisa 1909,AC Pisa 1909,Serie B,Italy,No
AC Sparta Prague,AC Sparta Prague,Fortuna Liga,Czech Republic,No
ACF Fiorentina,ACF Fiorentina,Serie A,Italy,No
ADO Den Haag,ADO Den Haag,Eredivisie,Netherlands,No
AEK Athens,AEK Athens,Super League 1,Greece,No
AFC Bournemouth,AFC Bournemouth,Premier League/Championship,England,No
AJ Auxerre,AJ Auxerre,Ligue 2,France,No
Ajax Amsterdam,Ajax Amsterdam,Eredivisie,Netherlands,No
Ajax Amsterdam U21,Ajax Amsterdam U21,Keuken Kampioen Divisie,Netherlands,No
Akhmat Grozny,Akhmat Grozny,Premier Liga,Russia,No
Al Ittihad Kalba Sports Club,Al Ittihad Kalba Sports Club,UAE Pro League,United Arab Emirates,No
Al-Ahli Jeddah,Al-Ahli Jeddah,Professional League,Saudi Arabia,No
Al-Ahli SC,Al-Ahli SC,Stars League,Qatar,No
Al-Ain,Al-Ain,Professional League,Saudi Arabia,No
Alanyaspor,Alanyaspor,Süper Lig,Turkey,No
Albacete Balompié,Albacete Balompié,LaLiga2,Spain,No
Al-Dhafra SCC,Al-Dhafra SCC,UAE Pro League,United Arab Emirates,No
Al-Duhail SC,Al-Duhail SC,Stars League,Qatar,No
Al-Ettifaq,Al-Ettifaq,Professional League,Saudi Arabia,No
Al-Faisaly Harmah,Al-Faisaly Harmah,Professional League,Saudi Arabia,No
Al-Gharafa SC,Al-Gharafa SC,Stars League,Qatar,No
Al-Hazem SC,Al-Hazem SC,Professional League,Saudi Arabia,No
Al-Hilal Riyadh,Al-Hilal Riyadh,Professional League,Saudi Arabia,No
Al-Ittihad Jeddah,Al-Ittihad Jeddah,Professional League,Saudi Arabia,No
Al-Jazira (Abu Dhabi),Al-Jazira (Abu Dhabi),UAE Pro League,United Arab Emirates,No
Al-Nasr (Dubai),Al-Nasr (Dubai),UAE Pro League,United Arab Emirates,No
Al-Nassr Riad,Al-Nassr Riad,Professional League,Saudi Arabia,No
Al-Rayyan SC,Al-Rayyan SC,Stars League,Qatar,No
Al-Sadd SC,Al-Sadd SC,Stars League,Qatar,No
Al-Shabab Riyadh,Al-Shabab Riyadh,Professional League,Saudi Arabia,No
Altay SK,Altay SK,1.Lig,Turkey,No
Al-Wahda Mekka,Al-Wahda Mekka,Professional League,Saudi Arabia,No
Amiens SC,Amiens SC,Ligue 1/Ligue 2,France,No
Antalyaspor,Antalyaspor,Süper Lig,Turkey,No
APOEL Nicosia,APOEL Nicosia,Protathlima Cyta,Cyprus,No
Aris Thessaloniki,Aris Thessaloniki,Super League 1,Greece,No
Arminia Bielefeld,Arminia Bielefeld,Bundesliga,Germany,No
Arsenal FC,Arsenal FC,Premier League,England,Yes
Arsenal Tula,Arsenal Tula,Premier Liga,Russia,No
AS Cittadella,AS Cittadella,Serie B,Italy,No
AS Livorno,AS Livorno,Serie B,Italy,No
AS Monaco,AS Monaco,Ligue 1,Monaco,Yes
AS Monaco B,AS Monaco B,National 2,Monaco,No
AS Nancy-Lorraine,AS Nancy-Lorraine,Ligue 2,France,No
AS Roma,AS Roma,Serie A,Italy,Yes
AS Saint-Étienne,AS Saint-Étienne,Ligue 1,France,Yes
Ascoli Calcio,Ascoli Calcio,Serie B,Italy,No
Ãšjpest FC,Ãšjpest FC,NB I.,Hungary,No
Asociación Atlética Argentinos Juniors,Asociación Atlética Argentinos Juniors,Primera División,Argentina,No
Associação Atlética Ponte Preta,Associação Atlética Ponte Preta,Campeonato Brasileiro Série B,Brazil,No
Associação Chapecoense de Futebol,Associação Chapecoense de Futebol,Campeonato Brasileiro Série A,Brazil,No
Asteras Tripolis,Asteras Tripolis,Super League 1,Greece,No
Aston Villa,Aston Villa,Premier League/Championship,England,No
Atalanta BC,Atalanta BC,Serie A,Italy,Yes
Athletic Bilbao,Athletic Bilbao,LaLiga,Spain,Yes
Atlanta United FC,Atlanta United FC,MLS,United States,No
Atlas Guadalajara,Atlas Guadalajara,Liga MX Clausura,Mexico,No
Atlético Huila,Atlético Huila,Liga DIMAYOR II,Colombia,No
Atlético Madrid,Atlético Madrid,LaLiga,Spain,Yes
Atlético Madrid B,Atlético Madrid B,Segunda División B,Spain,No
Atlético Nacional,Atlético Nacional,Liga DIMAYOR II,Colombia,No
Austria Vienna,Austria Vienna,Bundesliga,Austria,No
AZ Alkmaar,AZ Alkmaar,Eredivisie,Netherlands,No
Barcelona SC Guayaquil,Barcelona SC Guayaquil,Serie A Segunda Etapa,Ecuador,No
Barnsley FC,Barnsley FC,Championship,England,No
Bayer 04 Leverkusen,Bayer 04 Leverkusen,Bundesliga,Germany,Yes
Bayern Munich,Bayern Munich,Bundesliga,Germany,Yes
Beijing Guoan,Beijing Guoan,Super League,China,No
Beijing Renhe,Beijing Renhe,Super League,China,No
Belenenses SAD,Belenenses SAD,Liga NOS,Portugal,No
Benevento Calcio,Benevento Calcio,Serie A,Italy,No
Besiktas JK,Besiktas JK,Süper Lig,Turkey,No
Birmingham City,Birmingham City,Championship,England,No
Blackburn Rovers,Blackburn Rovers,Championship/League One,England,No
Blackpool FC,Blackpool FC,League One,England,No
Boavista FC,Boavista FC,Liga NOS,Portugal,No
Bologna FC 1909,Bologna FC 1909,Serie A,Italy,No
Bolton Wanderers,Bolton Wanderers,Championship,England,No
Borussia Dortmund,Borussia Dortmund,Bundesliga,Germany,Yes
Borussia Mönchengladbach,Borussia Mönchengladbach,Bundesliga,Germany,Yes
Botafogo de Futebol e Regatas,Botafogo de Futebol e Regatas,Campeonato Brasileiro Série A,Brazil,No
Brentford FC,Brentford FC,Championship,England,No
Brescia Calcio,Brescia Calcio,Serie A/Serie B,Italy,No
Brighton & Hove Albion,Brighton & Hove Albion,Premier League,England,No
Brisbane Roar,Brisbane Roar,A-League,Australia,No
Bristol City,Bristol City,Championship,England,No
Brøndby IF,Brøndby IF,Superligaen,Denmark,No
BSC Young Boys,BSC Young Boys,Super League,Switzerland,No
Burnley FC,Burnley FC,Premier League,England,Yes
Bursaspor,Bursaspor,1.Lig,Turkey,No
C.S. Marítimo,C.S. Marítimo,Liga NOS,Portugal,No
CA Osasuna,CA Osasuna,LaLiga/LaLiga2,Spain,No
CA Peñarol,CA Peñarol,Primera División,Uruguay,No
Cádiz CF,Cádiz CF,LaLiga/LaLiga2,Spain,No
Cagliari Calcio,Cagliari Calcio,Serie A,Italy,No
Calcio Padova,Calcio Padova,Serie B/Serie C,Italy,No
Cardiff City,Cardiff City,Championship,Wales,No
Carpi FC 1909,Carpi FC 1909,Serie B,Italy,No
Caykur Rizespor,Caykur Rizespor,Süper Lig,Turkey,No
CD Cruz Azul,CD Cruz Azul,Liga MX Clausura,Mexico,No
CD Feirense,CD Feirense,Liga NOS,Portugal,No
CD Leganés,CD Leganés,LaLiga/LaLiga2,Spain,No
CD Lugo,CD Lugo,LaLiga2,Spain,No
CD Mirandés,CD Mirandés,LaLiga2,Spain,No
CD Nacional,CD Nacional,Liga NOS,Portugal,No
CD Tenerife,CD Tenerife,LaLiga/LaLiga2,Spain,No
Celta de Vigo,Celta de Vigo,LaLiga,Spain,No
Celtic FC,Celtic FC,Premiership,Scotland,No
Cercle Brugge ,Cercle Brugge ,Jupiler Pro League,Belgium,No
CF Fuenlabrada,CF Fuenlabrada,LaLiga2,Spain,No
CF Monterrey,CF Monterrey,Liga MX Clausura,Mexico,No
CF Pachuca,CF Pachuca,Liga MX Clausura,Mexico,No
Chamois Niortais FC,Chamois Niortais FC,Ligue 2,France,No
Charlton Athletic,Charlton Athletic,League One/Championship,England,No
Chelsea FC,Chelsea FC,Premier League,England,Yes
Chicago Fire FC,Chicago Fire FC,MLS,United States,No
Chievo Verona,Chievo Verona,Serie A/Serie B,Italy,No
Chongqing Dangdai Lifan,Chongqing Dangdai Lifan,Super League,China,No
Clermont Foot 63,Clermont Foot 63,Ligue 2,France,No
Club Africain Tunis,Club Africain Tunis,Ligue I Pro,Tunisia,No
Club América,Club América,Liga MX Clausura,Mexico,No
Club Athletico Paranaense,Club Athletico Paranaense,Campeonato Brasileiro Série A,Brazil,No
Club Atlético Banfield,Club Atlético Banfield,Primera División,Argentina,No
Club Atlético Belgrano,Club Atlético Belgrano,Primera División,Argentina,No
Club Atlético Boca Juniors,Club Atlético Boca Juniors,Primera División,Argentina,No
Club Atlético Boston River,Club Atlético Boston River,Primera División,Uruguay,No
Club Atlético Huracán,Club Atlético Huracán,Primera División,Argentina,No
Club Atlético Independiente,Club Atlético Independiente,Primera División,Argentina,No
Club Atlético Lanús,Club Atlético Lanús,Primera División,Argentina,No
Club Atlético River Plate,Club Atlético River Plate,Primera División,Argentina,No
Club Atlético San Lorenzo de Almagro,Club Atlético San Lorenzo de Almagro,Primera División,Argentina,No
Club Atlético Talleres,Club Atlético Talleres,Primera División,Argentina,No
Club Atlético Tigre,Club Atlético Tigre,Primera Nacional,Argentina,No
Club Atlético Vélez Sarsfield,Club Atlético Vélez Sarsfield,Primera División,Argentina,No
Club Brugge KV,Club Brugge KV,Jupiler Pro League,Belgium,No
Club de Regatas Vasco da Gama,Club de Regatas Vasco da Gama,Campeonato Brasileiro Série A,Brazil,No
Club Deportivo Godoy Cruz Antonio Tomba,Club Deportivo Godoy Cruz Antonio Tomba,Primera División,Argentina,No
Club Deportivo Maldonado,Club Deportivo Maldonado,Liga de Ascenso,Uruguay,No
Club Deportivo Universidad Católica,Club Deportivo Universidad Católica,Torneo Transición,Chile,No
Club Estudiantes de La Plata,Club Estudiantes de La Plata,Primera División,Argentina,No
Club León,Club León,Liga MX Clausura,Mexico,No
Club Nacional,Club Nacional,Primera División,Uruguay,No
Club Necaxa,Club Necaxa,Liga MX Clausura,Mexico,No
Club Tijuana,Club Tijuana,Liga MX Clausura,Mexico,No
Clube Atlético Mineiro,Clube Atlético Mineiro,Campeonato Brasileiro Série A,Brazil,No
Clube de Regatas do Flamengo,Clube de Regatas do Flamengo,Campeonato Brasileiro Série A,Brazil,No
Columbus Crew SC,Columbus Crew SC,MLS,United States,No
Córdoba CF,Córdoba CF,LaLiga 2/Segunda División B,Spain,No
Coritiba Foot Ball Club,Coritiba Foot Ball Club U20,Campeonato Brasileiro Série A/Campeonato Brasileiro Série B,Brazil,No
Cosenza Calcio,Cosenza Calcio,Serie B,Italy,No
Coventry City,Coventry City,Championship/League One,England,No
Cracovia,Cracovia,Ekstraklasa,Poland,No
Cruzeiro Esporte Clube,Cruzeiro Esporte Clube,Campeonato Brasileiro Série A,Brazil,No
Crystal Palace,Crystal Palace,Premier League,England,No
CS Emelec,CS Emelec,Serie A Segunda Etapa,Ecuador,No
CSKA Moscow,CSKA Moscow,Premier Liga,Russia,No
CSKA-Sofia,CSKA-Sofia,efbet Liga,Bulgaria,No
D.C. United,D.C. United,MLS,United States,No
Dalian Professional,Dalian Professional,Super League,China,No
Dalian Yifang,Dalian Yifang,Super League,China,No
Defensor Sporting Club,Defensor Sporting Club,Primera División,Uruguay,No
Delfino Pescara 1936,Delfino Pescara 1936,Serie B,Italy,No
Denizlispor,Denizlispor,Süper Lig,Turkey,No
Deportes Quindío,Deportes Quindío,Categoría Primera A,Colombia,No
Deportivo Alavés,Deportivo Alavés,LaLiga,Spain,No
Deportivo de La Coruña,Deportivo de La Coruña,LaLiga/LaLiga2,Spain,No
Deportivo Guadalajara,Deportivo Guadalajara,Liga MX Clausura,Mexico,No
Deportivo Toluca,Deportivo Toluca,Liga MX Clausura,Mexico,No
Derby County,Derby County,Championship,England,No
Dijon FCO,Dijon FCO,Ligue 1,France,No
Dinamo Moscow,Dinamo Moscow,Premier Liga,Russia,No
Djurgardens IF,Djurgardens IF,Allsvenskan,Sweden,No
Doncaster Rovers,Doncaster Rovers,League One,England,No
Dundee United FC,Dundee United FC,Championship,Scotland,No
Dynamo Kyiv,Dynamo Kyiv,Premier Liga,Ukraine,No
Dynamo Moscow,Dynamo Moscow,Premier Liga,Russia,No
EA Guingamp,EA Guingamp,Ligue 1/Ligue 2,France,No
Eintracht Braunschweig,Eintracht Braunschweig,2. Bundesliga/3. Liga,Germany,No
Eintracht Frankfurt,Eintracht Frankfurt,Bundesliga,Germany,Yes
El Ahly Cairo,El Ahly Cairo,Premier League,Egypt,No
Elche CF,Elche CF,LaLiga/LaLiga2,Spain,No
Empoli FC ,Empoli FC ,Serie B,Italy,No
Esbjerg fB,Esbjerg fB,Superligaen,Denmark,No
Esporte Clube Bahia,Esporte Clube Bahia,Campeonato Brasileiro Série A,Brazil,No
Esporte Clube Vitória,Esporte Clube Vitória,Campeonato Brasileiro Série A,Brazil,No
ESTAC Troyes,ESTAC Troyes,Ligue 2,France,No
Everton FC,Everton FC,Premier League,England,No
Exeter City,Exeter City,League Two,England,No
F.C. Famalicão,F.C. Famalicão,Liga NOS,Portugal,No
Fatih Karagümrük S.K.,Fatih Karagümrük S.K.,Süper Lig,Turkey,No
FC Arouca,FC Arouca,Liga Portugal 2,Portugal,No
FC Astana,FC Astana,Premier Liga,Kazakhstan,No
FC Augsburg,FC Augsburg,Bundesliga,Germany,No
FC Barcelona,FC Barcelona,LaLiga,Spain,Yes
FC Barcelona B,FC Barcelona B,Segunda División B,Spain,No
FC Bari 1908,FC Bari 1908,Serie B,Italy,No
FC Basel 1893,FC Basel 1893,Super League,Switzerland,No
FC Bayern Munich II,FC Bayern Munich II,3. Liga,Germany,No
FC Cartagena,FC Cartagena,LaLiga2,Spain,No
FC Cincinnati,FC Cincinnati,MLS,United States,No
FC Copenhagen,FC Copenhagen,Superligaen,Denmark,No
FC Crotone,FC Crotone,Serie B/Serie A,Italy,No
FC Dallas,FC Dallas,MLS,United States,No
FC Dinamo Bucharest,FC Dinamo Bucharest,Liga 1,Romania,No
FC Erzgebirge Aue,FC Erzgebirge Aue,2. Bundesliga,Germany,No
FC Girondins Bordeaux,FC Girondins Bordeaux,Ligue 1,France,No
FC Groningen,FC Groningen,Eredivisie,Netherlands,No
FC Ingolstadt 04,FC Ingolstadt 04,2. Bundesliga,Germany,No
FC Lausanne-Sport,FC Lausanne-Sport,Super League,Switzerland,No
FC Lorient,FC Lorient,Ligue 1/Ligue 2,France,No
FC Lugano,FC Lugano,Super League,Switzerland,No
FC Luzern,FC Luzern,Super League,Switzerland,No
FC Metz,FC Metz,Ligue 1,France,No
FC Midtjylland,FC Midtjylland,Superligaen,Denmark,No
FC Nantes,FC Nantes,Ligue 1,France,No
FC Nordsjaelland,FC Nordsjaelland,Superligaen,Denmark,No
FC Porto,FC Porto,Liga NOS,Portugal,No
FC Porto B,FC Porto B,Liga Portugal 2,Portugal,No
FC Schalke 04,FC Schalke 04,Bundesliga,Germany,Yes
FC Sheriff Tiraspol,FC Sheriff Tiraspol,Divizia Nationala,Moldova,No
FC Sion,FC Sion,Super League,Switzerland,No
FC Slovan Liberec,FC Slovan Liberec,Fortuna Liga,Czech Republic,No
FC Sochaux-Montbéliard,FC Sochaux-Montbéliard,Ligue 2,France,No
FC St. Gallen 1879,FC St. Gallen 1879,Super League,Switzerland,No
FC St. Pauli,FC St. Pauli,2. Bundesliga,Germany,No
FC Tokyo,FC Tokyo,J1 League,Japan,No
FC Toulouse,FC Toulouse,Ligue 1,France,No
FC Utrecht,FC Utrecht,Eredivisie,Netherlands,No
FC Viitorul Constanta,FC Viitorul Constanta,Liga 1,Romania,No
FC Viktoria Köln,FC Viktoria Köln,3. Liga,Germany,No
FC Viktoria Plzen,FC Viktoria Plzen,Fortuna Liga,Czech Republic,No
FC Zürich,FC Zürich,Super League,Switzerland,No
FCSB,FCSB,Liga 1,Romania,No
Fenerbahce SK,Fenerbahce SK,Süper Lig,Turkey,No
Feyenoord Rotterdam,Feyenoord Rotterdam,Eredivisie,Netherlands,No
FK Bodø/Glimt,FK Bodø/Glimt,Eliteserien,Norway,No
FK Cukaricki,FK Cukaricki,Super liga,Serbia,No
FK Krasnodar,FK Krasnodar,Premier Liga,Russia,No
FK Partizan Belgrade,FK Partizan Belgrade,Super liga,Serbia,No
FK Rostov,FK Rostov,Premier Liga,Russia,No
FK Vozdovac,FK Vozdovac,Super liga,Serbia,No
Fleetwood Town,Fleetwood Town,League One,England,No
Fluminense Football Club,Fluminense Football Club,Campeonato Brasileiro Série A,Brazil,No
Foggia Calcio,Foggia Calcio,Serie B,Italy,No
Fortuna Düsseldorf,Fortuna Düsseldorf,Bundesliga/2. Bundesliga,Germany,No
Fortuna Sittard,Fortuna Sittard,Eredivisie,Netherlands,No
Frosinone Calcio,Frosinone Calcio,Serie A/Serie B,Italy,No
Fulham FC,Fulham FC,Premier League/Championship,England,No
FUS Rabat,FUS Rabat,Botola Pro Inwi,Morocco,No
Galatasaray A.S.,Galatasaray A.S.,Süper Lig,Turkey,No
Gamba Osaka,Gamba Osaka,J1 League,Japan,No
Gaziantep FK,Gaziantep FK,Süper Lig,Turkey,No
GD Estoril Praia,GD Estoril Praia,Liga NOS,Portugal,No
Genclerbirligi Ankara,Genclerbirligi Ankara,Süper Lig,Turkey,No
Genoa CFC,Genoa CFC,Serie A,Italy,No
Getafe CF,Getafe CF,LaLiga,Spain,Yes
GFC Ajaccio,GFC Ajaccio,Ligue 2,France,No
Girona FC,Girona FC,LaLiga/LaLiga2,Spain,No
GNK Dinamo Zagreb,GNK Dinamo Zagreb,1.HNL,Croatia,No
Goiás Esporte Clube,Goiás Esporte Clube,Campeonato Brasileiro Série B,Brazil,No
Górnik Zabrze,Górnik Zabrze,Ekstraklasa,Poland,No
Göztepe S.K.,Göztepe S.K.,Süper Lig,Turkey,No
Granada CF,Granada CF,LaLiga/LaLiga2,Spain,Yes
Grasshopper Club Zurich,Grasshopper Club Zurich,Challenge League,Switzerland,No
Greenock Morton FC,Greenock Morton FC,Championship,Scotland,No
Grêmio Foot-Ball Porto Alegrense,Grêmio Foot-Ball Porto Alegrense,Campeonato Brasileiro Série A,Brazil,No
Guangzhou Evergrande Taobao,Guangzhou Evergrande Taobao,Super League,China,No
Guangzhou R&F,Guangzhou R&F,Super League,China,No
Guizhou Hengfeng,Guizhou Hengfeng,League One,China,No
Halmstads BK,Halmstads BK,Allsvenskan,Sweden,No
Hamburger SV,Hamburger SV,Bundesliga/2. Bundesliga,Germany,No
Hannover 96,Hannover 96,Bundesliga/2. Bundesliga,Germany,No
Hatayspor,Hatayspor,Süper Lig,Turkey,No
Hebei China Fortune,Hebei China Fortune,Super League,China,No
Hellas Verona,Hellas Verona,Serie A,Italy,No
Henan Jianye,Henan Jianye,Super League,China,No
Heracles Almelo,Heracles Almelo,Eredivisie,Netherlands,No
Hertha BSC,Hertha BSC,Bundesliga,Germany,No
Hibernian FC,Hibernian FC,Premiership,Scotland,No
HNK Hajduk Split,HNK Hajduk Split,1.HNL,Croatia,No
HNK Rijeka,HNK Rijeka,1.HNL,Croatia,No
Holstein Kiel,Holstein Kiel,2. Bundesliga,Germany,No
Huddersfield Town,Huddersfield Town,Premier League/Championship,England,No
Hull City,Hull City,Championship,England,No
IF Brommapojkarna,IF Brommapojkarna,Superettan,Sweden,No
IFK Göteborg,IFK Göteborg,Allsvenskan,Sweden,No
IFK Norrköping,IFK Norrköping,Allsvenskan,Sweden,No
Independiente del Valle,Independiente del Valle,Serie A Segunda Etapa,Ecuador,No
Inter Miami CF,Inter Miami CF,MLS,United States,No
Inter Milan,Inter Milan,Serie A,Italy,Yes
Inter Milan Primavera,Inter Milan Primavera,Primavera 1,Italy,No
Ipswich Town,Ipswich Town,Championship/League One,England,No
Istanbul Basaksehir FK,Istanbul Basaksehir FK,Süper Lig,Turkey,No
Istanbulspor,Istanbulspor,1.Lig,Turkey,No
Ituano Futebol Clube (SP),Ituano Futebol Clube (SP),Campeonato Brasileiro Série C,Brazil,No
Jiangsu Suning,Jiangsu Suning,Super League,China,No
Juventus FC,Juventus FC,Serie A,Italy,Yes
Juventus Primavera,Juventus Primavera,Primavera 1,Italy,No
Juventus U23,Juventus U23,Serie C,Italy,No
KAA Gent,KAA Gent,Jupiler Pro League,Belgium,No
KAS Eupen,KAS Eupen,Jupiler Pro League,Belgium,No
Kashima Antlers,Kashima Antlers,J1 League,Japan,No
Kasimpasa,Kasimpasa,Süper Lig,Turkey,No
Kayserispor,Kayserispor,Süper Lig,Turkey,No
Konyaspor,Konyaspor,Süper Lig,Turkey,No
KRC Genk,KRC Genk,Jupiler Pro League,Belgium,No
Krylya Sovetov Samara,Krylya Sovetov Samara,Premier Liga,Russia,No
KV Kortrijk,KV Kortrijk,Jupiler Pro League,Belgium,No
KV Mechelen,KV Mechelen,Jupiler Pro League,Belgium,No
KV Oostende,KV Oostende,Jupiler Pro League,Belgium,No
LASK,LASK,Bundesliga,Austria,No
LB Châteauroux,LB Châteauroux,Ligue 2,France,No
LDU Quito,LDU Quito,LigaPro Serie A,Ecuador,No
Le Mans FC,Le Mans FC,Championnat National,France,No
Lech Poznan,Lech Poznan,Ekstraklasa,Poland,No
Lechia Gdansk,Lechia Gdansk,Ekstraklasa,Poland,No
Leeds United,Leeds United,Premier League/Championship,England,No
Legia Warszawa,Legia Warszawa,Ekstraklasa,Poland,No
Leicester City,Leicester City,Premier League,England,Yes
Leixões SC,Leixões SC,Liga Portugal 2,Portugal,No
Levante UD,Levante UD,LaLiga,Spain,No
Leyton Orient,Leyton Orient,League Two,England,No
Liaoning FC,Liaoning FC,League One,China,No
Lincoln City,Lincoln City,League One,England,No
Liverpool FC,Liverpool FC,Premier League,England,Yes
Lokomotiv Moscow,Lokomotiv Moscow,Premier Liga,Russia,No
Los Angeles FC,Los Angeles FC,MLS,United States,No
Los Angeles Galaxy,Los Angeles Galaxy,MLS,United States,No
LOSC Lille,LOSC Lille,Ligue 1,France,Yes
Luton Town,Luton Town,Championship,England,No
Lyngby BK,Lyngby BK,Superligaen,Denmark,No
Maccabi Haifa,Maccabi Haifa,Ligat ha'Al,Israel,No
Maccabi Petah Tikva,Maccabi Petah Tikva,Ligat ha'Al,Israel,No
Maccabi Tel Aviv,Maccabi Tel Aviv,Ligat ha'Al,Israel,No
Málaga CF,Málaga CF,LaLiga/LaLiga2,Spain,No
Malmö FF,Malmö FF,Allsvenskan,Sweden,No
Mamelodi Sundowns FC,Mamelodi Sundowns FC,ABSA Premiership,South Africa,No
Manchester City,Manchester City,Premier League,England,Yes
Manchester United,Manchester United,Premier League,England,Yes
Marbella FC,Marbella FC,Segunda División B,Spain,No
Melbourne City FC,Melbourne City FC,A-League,Australia,No
Middlesbrough FC,Middlesbrough FC,Championship,England,No
Millonarios FC,Millonarios FC,Liga Dimayor I,Colombia,No
Millwall FC,Millwall FC,Championship,England,No
Milton Keynes Dons,Milton Keynes Dons,League One,England,No
Mineros de Guayana,Mineros de Guayana,Torneo Clausura (till 2019),Venezuela,No
Minnesota United FC,Minnesota United FC,MLS,United States,No
MKE Ankaragücü,MKE Ankaragücü,Süper Lig,Turkey,No
MOL Fehérvár FC,MOL Fehérvár FC,NB I.,Hungary,No
Montpellier HSC,Montpellier HSC,Ligue 1,France,No
Montreal Impact,Montreal Impact,MLS,Canada,No
Moreirense FC,Moreirense FC,Liga NOS,Portugal,No
MSK Zilina,MSK Zilina,Fortuna Liga,Slovakia,No
MSV Duisburg,MSV Duisburg,2. Bundesliga,Germany,No
NAC Breda,NAC Breda,Eredivisie/Keuken Kampioen Divisie,Netherlands,No
NEC Nijmegen,NEC Nijmegen,Keuken Kampioen Divisie,Netherlands,No
New York City FC,New York City FC,MLS,United States,No
New York Red Bulls,New York Red Bulls,MLS,United States,No
Newcastle United,Newcastle United,Premier League,England,No
Nîmes Olympique,Nîmes Olympique,Ligue 1,France,No
NK Lokomotiva Zagreb,NK Lokomotiva Zagreb,1.HNL,Croatia,No
NK Maribor,NK Maribor,Prva Liga,Slovenia,No
NK Olimpija Ljubljana,NK Olimpija Ljubljana,Prva Liga,Slovenia,No
NK Osijek,NK Osijek,1.HNL,Croatia,No
Norwich City,Norwich City,Premier League/Championship,England,No
Nottingham Forest,Nottingham Forest,Championship,England,No
Novara Calcio 1908,Novara Calcio 1908,Serie B,Italy,No
Odds BK,Odds BK,Eliteserien,Norway,No
OGC Nice,OGC Nice,Ligue 1,France,No
Olympiacos Piraeus,Olympiacos Piraeus,Super League 1,Greece,No
Olympique de Marseille B,Olympique de Marseille B,National 2,France,No
Olympique Lyon,Olympique Lyon,Ligue 1,France,Yes
Olympique Marseille,Olympique Marseille,Ligue 1,France,Yes
Orlando City SC,Orlando City SC,MLS,United States,No
Osmanlispor FK,Osmanlispor FK,Süper Lig,Turkey,No
Östersunds FK,Östersunds FK,Allsvenskan,Sweden,No
Oud-Heverlee Leuven,Oud-Heverlee Leuven,Jupiler Pro League,Belgium,No
Pafos FC,Pafos FC,Protathlima Cyta,Cyprus,No
Panathinaikos Athens,Panathinaikos Athens,Super League 1,Greece,No
PAOK Thessaloniki,PAOK Thessaloniki,Super League 1,Greece,No
Paradou AC,Paradou AC,Ligue Professionnelle 1,Algeria,No
Paris FC,Paris FC,Ligue 2,France,No
Paris Saint-Germain,Paris Saint-Germain,Ligue 1,France,Yes
Parma Calcio 1913,Parma Calcio 1913,Serie A,Italy,No
PAS Giannina,PAS Giannina,Super League 2,Greece,No
PEC Zwolle,PEC Zwolle,Eredivisie,Netherlands,No
Pescara Primavera,Pescara Primavera,Primavera 1,Italy,No
PFC Ludogorets Razgrad,PFC Ludogorets Razgrad,efbet Liga,Bulgaria,No
Philadelphia Union,Philadelphia Union,MLS,United States,No
Piast Gliwice,Piast Gliwice,Ekstraklasa,Poland,No
Pogon Szczecin,Pogon Szczecin,Ekstraklasa,Poland,No
Pontevedra CF,Pontevedra CF,Segunda División B,Spain,No
Portland Timbers,Portland Timbers,MLS,United States,No
Portsmouth FC,Portsmouth FC,League One,England,No
Preston North End,Preston North End,Championship,England,No
PSV Eindhoven,PSV Eindhoven,Eredivisie,Netherlands,No
Pyramids FC,Pyramids FC,Premier League,Egypt,No
Qaraba? FK,Qaraba? FK,Premyer Liqa,Azerbaijan,No
Queens Park Rangers,Queens Park Rangers,Championship,England,No
Racing Club,Racing Club,Primera División,Argentina,No
Rangers FC,Rangers FC,Premiership,Scotland,No
Rapid Vienna,Rapid Vienna,Bundesliga,Austria,No
Rayo Vallecano,Rayo Vallecano,LaLiga/LaLiga2,Spain,No
RB Leipzig,RB Leipzig,Bundesliga,Germany,Yes
RC Lens,RC Lens,Ligue 2,France,No
RC Strasbourg Alsace,RC Strasbourg Alsace,Ligue 1,France,No
RCD Espanyol Barcelona,RCD Espanyol Barcelona,LaLiga/LaLiga2,Spain,Yes
RCD Mallorca,RCD Mallorca,LaLiga/LaLiga2/Segunda División B,Spain,No
Reading FC,Reading FC,Championship,England,No
Real Betis Balompié,Real Betis Balompié,LaLiga,Spain,Yes
Real Madrid,Real Madrid,LaLiga,Spain,Yes
Real Madrid Castilla,Real Madrid Castilla,Segunda División B,Spain,No
Real Oviedo,Real Oviedo,LaLiga/LaLiga2,Spain,No
Real SC,Real SC,Liga 3,Portugal,No
Real Sociedad,Real Sociedad,LaLiga,Spain,Yes
Real Valladolid CF,Real Valladolid CF,LaLiga,Spain,No
Real Zaragoza,Real Zaragoza,LaLiga2,Spain,No
Red Bull Bragantino,Red Bull Bragantino,Campeonato Brasileiro Série A,Brazil,No
Red Bull Salzburg,Red Bull Salzburg,Bundesliga,Austria,No
Red Star Belgrade,Red Star Belgrade,Super liga,Serbia,No
Red Star FC,Red Star FC,Championnat National,France,No
Reggina 1914,Reggina 1914,Serie B,Italy,No
Rio Ave FC,Rio Ave FC,Liga NOS,Portugal,No
Rodez AF,Rodez AF,Ligue 2,France,No
Rosenborg BK,Rosenborg BK,Eliteserien,Norway,No
Rotherham United,Rotherham United,Championship,England,No
Royal Antwerp FC,Royal Antwerp FC,Jupiler Pro League,Belgium,No
Royal Excel Mouscron,Royal Excel Mouscron,Jupiler Pro League,Belgium,No
Royale Union Saint Gilloise,Royale Union Saint Gilloise,Proximus League,Belgium,No
RSC Anderlecht,RSC Anderlecht,Jupiler Pro League,Belgium,No
RSC Charleroi,RSC Charleroi,Jupiler Pro League,Belgium,No
Rubin Kazan,Rubin Kazan,Premier Liga,Russia,No
Sagan Tosu,Sagan Tosu,J1 League,Japan,No
Sampdoria Primavera,Sampdoria Primavera,Primavera 1,Italy,No
San Jose Earthquakes,San Jose Earthquakes,MLS,United States,No
Santos FC,Santos FC,Campeonato Brasileiro Série A,Brazil,No
Santos Laguna,Santos Laguna,Liga MX Clausura,Mexico,No
São Paulo Futebol Clube,São Paulo Futebol Clube,Campeonato Brasileiro Série A,Brazil,No
SC Bastia,SC Bastia,Ligue 2,France,No
SC Braga,SC Braga,Liga NOS,Portugal,No
SC Freiburg,SC Freiburg,Bundesliga,Germany,No
SC Heerenveen,SC Heerenveen,Eredivisie,Netherlands,No
SC Paderborn 07,SC Paderborn 07,Bundesliga/2. Bundesliga,Germany,No
SCO Angers,SCO Angers,Ligue 1,France,No
SD Eibar,SD Eibar,LaLiga,Spain,No
SD Huesca,SD Huesca,LaLiga/LaLiga2,Spain,No
Servette FC,Servette FC,Super League,Switzerland,No
Sevilla Atlético,Sevilla Atlético,Segunda División B,Spain,No
Sevilla FC,Sevilla FC,LaLiga,Spain,No
SG Dynamo Dresden,SG Dynamo Dresden,2. Bundesliga,Germany,No
Shakhtar Donetsk,Shakhtar Donetsk,Premier Liga,Ukraine,No
Shandong Luneng Taishan,Shandong Luneng Taishan,Super League,China,No
Shanghai Greenland Shenhua,Shanghai Greenland Shenhua,Super League,China,No
Shanghai Port,Shanghai Port,Super League,China,No
Shanghai Shenhua,Shanghai Shenhua,Super League,China,No
Shanghai SIPG,Shanghai SIPG,Super League,China,No
Sheffield United,Sheffield United,Premier League/Championship,England,No
Sheffield Wednesday,Sheffield Wednesday,Championship,England,No
Shenzhen FC,Shenzhen FC,Super League,China,No
Silkeborg IF,Silkeborg IF,1.Division,Denmark,No
Sint-Truidense VV,Sint-Truidense VV,Jupiler Pro League,Belgium,No
Sivasspor,Sivasspor,Süper Lig,Turkey,No
SK Brann,SK Brann,Eliteserien,Norway,No
SK Slavia Prague,SK Slavia Prague,Fortuna Liga,Czech Republic,No
SK Sturm Graz,SK Sturm Graz,Bundesliga,Austria,No
SL Benfica,SL Benfica,Liga NOS,Portugal,No
SL Benfica B,SL Benfica B,Liga Portugal 2,Portugal,No
Slavia Sofia,Slavia Sofia,efbet Liga,Bulgaria,No
SM Caen,SM Caen,Ligue 1/Ligue 2,France,No
Sociedade Esportiva Palmeiras,Sociedade Esportiva Palmeiras,Campeonato Brasileiro Série A,Brazil,No
Southampton FC,Southampton FC,Premier League,England,No
Southend United,Southend United,League Two,England,No
SPAL,SPAL,Serie A/Serie B,Italy,No
Sparta Rotterdam,Sparta Rotterdam,Eredivisie,Netherlands,No
Spartak Moscow,Spartak Moscow,Premier Liga,Russia,No
Spartaks Jurmala,Spartaks Jurmala,Virsliga,Latvia,No
Spezia Calcio,Spezia Calcio,Serie A/Serie B,Italy,No
Sport Club Corinthians Paulista,Sport Club Corinthians Paulista,Campeonato Brasileiro Série A,Brazil,No
Sport Club Internacional,Sport Club Internacional,Campeonato Brasileiro Série A,Brazil,No
Sporting CP,Sporting CP,Liga NOS,Portugal,No
Sporting Gijón,Sporting Gijón,LaLiga/LaLiga2,Spain,No
Sporting Kansas City,Sporting Kansas City,MLS,United States,No
Sportivo Luqueño,Sportivo Luqueño,Primera División Apertura,Paraguay,No
SpVgg Greuther Fürth,SpVgg Greuther Fürth,2. Bundesliga,Germany,No
SS Lazio,SS Lazio,Serie A,Italy,Yes
SSC Bari,SSC Bari,Serie D,Italy,No
SSC Napoli,SSC Napoli,Serie A,Italy,Yes
SSD Palermo,SSD Palermo,Serie D,Italy,No
SSV Jahn Regensburg,SSV Jahn Regensburg,2. Bundesliga,Germany,No
Stabæk Fotball,Stabæk Fotball,Eliteserien,Norway,No
Stade Brestois 29,Stade Brestois 29,Ligue 1/Ligue 2,France,No
Stade Reims,Stade Reims,Ligue 2,France,No
Stade Rennais FC,Stade Rennais FC,Ligue 1,France,Yes
Standard Liège,Standard Liège,Jupiler Pro League,Belgium,No
Stevenage FC,Stevenage FC,League Two,England,No
Stoke City,Stoke City,Premier League/Championship,England,No
Sunderland AFC,Sunderland AFC,Championship/League One,England,No
SV Darmstadt 98,SV Darmstadt 98,2. Bundesliga,Germany,No
SV Werder Bremen,SV Werder Bremen,Bundesliga,Germany,No
SV Zulte Waregem,SV Zulte Waregem,Jupiler Pro League,Belgium,No
Swansea City,Swansea City,Premier League/Championship,Wales,No
Ternana Calcio,Ternana Calcio,Serie C,Italy,No
Tianjin Quanjian,Tianjin Quanjian,Super League,China,No
Tianjin Teda,Tianjin Teda,Super League,China,No
Tianjin Tianhai (-2019),Tianjin Tianhai (-2019),Super League,China,No
Tigres UANL,Tigres UANL,Liga MX Clausura,Mexico,No
Tokushima Vortis,Tokushima Vortis,J1 League,Japan,No
Tombense Futebol Clube (MG),Tombense Futebol Clube (MG),Campeonato Brasileiro Série B,Brazil,No
Torino FC,Torino FC,Serie A,Italy,No
Toronto FC,Toronto FC,MLS,Canada,No
Tottenham Hotspur,Tottenham Hotspur,Premier League,England,Yes
Trabzonspor,Trabzonspor,Süper Lig,Turkey,No
Trapani Calcio,Trapani Calcio,Serie B,Italy,No
Três Passos Atlético Clube,Três Passos Atlético Clube,Without League,Brazil,No
TSG 1899 Hoffenheim,TSG 1899 Hoffenheim,Bundesliga,Germany,Yes
Twente Enschede FC,Twente Enschede FC,Eredivisie,Netherlands,No
UC Sampdoria,UC Sampdoria,Serie A,Italy,No
UD Almería,UD Almería,LaLiga/LaLiga2,Spain,No
UD Las Palmas,UD Las Palmas,LaLiga/LaLiga2,Spain,No
Udinese Calcio,Udinese Calcio,Serie A,Italy,No
UNAM Pumas,UNAM Pumas,Liga MX Clausura,Mexico,No
Universitatea Craiova,Universitatea Craiova,Liga 1,Romania,No
US Avellino 1912,US Avellino 1912,Serie B,Italy,No
US Cremonese,US Cremonese,Serie B,Italy,No
US Lecce,US Lecce,Serie A/Serie B,Italy,No
US Orléans,US Orléans,Ligue 2,France,No
US Palermo,US Palermo,Serie B,Italy,No
US Salernitana 1919,US Salernitana 1919,Serie B,Italy,No
US Sassuolo,US Sassuolo,Serie A,Italy,No
Valencia CF,Valencia CF,LaLiga,Spain,Yes
Valencia Mestalla,Valencia Mestalla,Segunda División B,Spain,No
Valenciennes FC,Valenciennes FC,Ligue 2,France,No
Vancouver Whitecaps FC,Vancouver Whitecaps FC,MLS,Canada,No
Vejle Boldklub,Vejle Boldklub,Superligaen,Denmark,No
Venezia FC,Venezia FC,Serie B,Italy,No
VfB Stuttgart,VfB Stuttgart,Bundesliga/2. Bundesliga,Germany,No
VfL Bochum,VfL Bochum,2. Bundesliga,Germany,No
VfL Osnabrück,VfL Osnabrück,2. Bundesliga,Germany,No
VfL Wolfsburg,VfL Wolfsburg,Bundesliga,Germany,Yes
Villarreal CF,Villarreal CF,LaLiga,Spain,Yes
Vissel Kobe,Vissel Kobe,J1 League,Japan,No
Vitesse Arnhem,Vitesse Arnhem,Eredivisie,Netherlands,No
Vitória S.C.,Vitória Guimarães SC,Liga NOS,Portugal,No
VVV-Venlo,VVV-Venlo,Eredivisie,Netherlands,No
Waasland-Beveren,Waasland-Beveren,Jupiler Pro League,Belgium,No
Walsall FC,Walsall FC,League One,England,No
Watford FC,Watford FC,Premier League/Championship,England,No
West Bromwich Albion,West Bromwich Albion,Premier League/Championship,England,No
West Ham United,West Ham United,Premier League,England,Yes
Western Sydney Wanderers,Western Sydney Wanderers,A-League,Australia,No
Wigan Athletic,Wigan Athletic,Championship/League One,England,No
Willem II Tilburg,Willem II Tilburg,Eredivisie,Netherlands,No
Wis?a Kraków,Wis?a Kraków,Ekstraklasa,Poland,No
Wisla Plock,Wisla Plock,Ekstraklasa,Poland,No
Wolfsberger AC,Wolfsberger AC,Bundesliga,Austria,No
Wolverhampton Wanderers,Wolverhampton Wanderers,Premier League/Championship,England,Yes
Wuhan Zall,Wuhan Zall,Super League,China,No
Yeni Malatyaspor,Yeni Malatyaspor,Süper Lig,Turkey,No
Yokohama F. Marinos,Yokohama F. Marinos,J1 League,Japan,No
Zaglebie Lubin,Zaglebie Lubin,Ekstraklasa,Poland,No
Zenit St. Petersburg,Zenit St. Petersburg,Premier Liga,Russia,No
Zorya Lugansk,Zorya Lugansk,Premier Liga,Ukraine,No
